query,source_recipe_name,salient_fact
"I'm trying to make a baked good with a nice, crumbly texture, but I'm not sure how to properly incorporate the butter into the flour mixture. What technique should I use, and what’s the best baking temperature and time to ensure it turns out perfectly?",all purpose quick mix with 28 variations,"1. **Baking Temperature and Time**: The recipe specifies to ""bake at 350 degrees for 30 minutes or until done."" This precise temperature and timing detail is crucial for achieving the desired texture and doneness of the baked goods.

2. **Preparation Technique**: The instruction to ""cut butter or margarine into flour mixture until it resembles coarse cornmeal"" is a specific technique that involves a method known as ""cutting in."" This detail is important for achieving the right consistency in the mixture, which can be difficult to determine without this guidance."
"What water temperature should I use for my bread dough to make sure the yeast activates properly, and how long will it take to rise if I use that?",5 minute artisan bread,"1. **Specific Cooking Techniques/Methods**: The recipe specifies that the dough should be prepared with ""warm water slightly warmer than body temperature,"" which is crucial for activating the yeast properly. This detail is essential for achieving the right dough consistency and fermentation.

2. **Timing Specifics**: The recipe indicates that using warm water will allow the dough to rise to the right point for storage in about **2 hours**, while using cold water will require **3-4 hours**. This timing is critical for anyone looking to ensure proper fermentation and storage of the dough."
"How do I make sure the vegetables in my soup are tender but not mushy, especially after I sauté them? What's the best way to transition to simmering, and how long should I let it simmer after adding the herbs?",7 day diet fat burning cabbage soup,"1. **Cooking Technique/Method**: ""Saute all veggies except for cabbage and tomatoes in vegetable oil or coconut oil, cover with water, bring to a boil, lower heat and simmer till veggies are tender."" This specific sequence of cooking steps, particularly the transition from sautéing to simmering, is a technical detail that is crucial for achieving the desired texture and flavor in the soup.

2. **Timing Specifics**: ""Simmer till veggies are tender"" followed by ""simmer 5 minutes"" after adding fresh or dried herbs. The timing of these steps is essential for ensuring that the vegetables are cooked properly without becoming mushy, and the additional simmering time for the herbs allows their flavors to infuse into the soup effectively."
"What's the right batter consistency for making fritters, and how long should I expect to cook them for?",alligator claws avocado fritters with chipotle lime dip,"Based on the provided recipe for alligator claws avocado fritters with chipotle lime dip, the following specific technical details stand out as distinctive facts that would be difficult to generate from scratch but are clearly answerable by this exact recipe:

1. **Cooking Techniques/Methods**: The recipe implies a specific batter preparation method, which is a one-to-one mix of flour and water. This detail is crucial for achieving the right consistency for the fritters, and it is not a common knowledge detail that one might easily guess.

2. **Timing Specifics**: The overall cooking time is specified as **45 minutes**. This detail is essential for planning and ensuring that the fritters are cooked properly, and it may not be intuitive for someone unfamiliar with fritter preparation.

These details provide clear guidance on both the preparation and cooking process, making them valuable for anyone attempting to recreate the dish."
"What's the best temperature to roast garlic for a lasagna, and how do I make sure it's perfectly cooked without burning it?",5 cheese crab lasagna with roasted garlic and vegetables,"1. **Specific Cooking Techniques/Methods**: The recipe specifies to ""roast garlic: place oven rack on second notch turn oven to 375 degrees F,"" which indicates both the cooking method (roasting) and the precise oven temperature.

2. **Appliance Settings**: The recipe requires the oven to be set at ""375 degrees F,"" which is a specific temperature setting that is crucial for the roasting process and overall cooking of the lasagna. 

These details are distinctive and would be difficult to generate from scratch without the context of this specific recipe."
What's the exact timing and method for mixing the dough in a food processor to get the perfect thin crust for my pizza?,amazing thin crust pizza,"Based on the provided recipe for ""amazing thin crust pizza,"" here are the most distinctive technical details that would be difficult to generate from scratch but are clearly answerable by this recipe:

1. **Specific Cooking Techniques/Methods**: 
   - ""In the work bowl of a food processor fitted with the plastic dough blade, pulse the flour, yeast, and salt to combine about five 1-second pulses with the machine running.""

2. **Timing Specifics**: 
   - ""Continue to process until the dough forms a ball, about 15 seconds.""

These details provide precise instructions on how to combine ingredients and the exact timing for processing the dough, which are critical for achieving the desired texture and consistency in the pizza crust."
"How long do I need to boil the corn to get that perfect texture, and what kind of pot should I be using to make sure it stays hot enough?",amish corn on the cob,"1. **Cooking Time Specifics**: The recipe specifies a cooking time of **12 minutes** for boiling the corn, which is a precise timing detail that is crucial for achieving the right texture and flavor of the corn.

2. **Appliance Settings**: The recipe implies the use of a **large canning kettle** for boiling, indicating that the water should be heated to a boil, but it does not provide an exact temperature. However, the requirement to serve the dish hot implies that the water must reach a boiling point (typically around **212°F** at sea level), which is a significant detail for someone looking to replicate the recipe accurately."
"What’s the best way to prepare black urad dal for a biryani, and how long should I boil it to get that perfect texture?",absolutely addicitve kale moti biryani lunch that s complete,"Based on the analysis of the recipe for ""absolutely addictive kale moti biryani,"" here are the specific technical details that would be difficult to generate from scratch but are clearly answerable by this exact recipe:

1. **Ingredient Preparation Detail**: ""Soak the black urad dal overnight in plenty of water."" This specific timing and method for preparing the urad dal is crucial for achieving the desired texture and flavor in the dish.

2. **Cooking Technique/Method**: ""Boil until cooked."" While this seems straightforward, the lack of specific timing or temperature details makes it a less common instruction. The exact boiling time needed for the urad dal to reach the right level of doneness is a critical detail that is not universally known and is specific to this recipe.

These details provide essential guidance for anyone attempting to recreate the dish accurately."
What's the exact way to prepare the cherry filling for a chocolate cake that really brings out the flavor?,a ptissier s black forest cake,"Based on the provided recipe for a Black Forest cake, here are the most distinctive technical details that would be difficult to generate from scratch but are clearly answerable by this exact recipe:

1. **Ingredient Preparation Details**: The recipe specifies that the cherry filling should be prepared by combining drained cherries with 1/2 cup of port wine, 1 tablespoon of kirsch, and 3-4 drops of almond extract in a sealed container and chilling it overnight. This precise method of preparation, including the specific measurements and the requirement to chill overnight, is a critical detail that contributes to the cake's flavor and texture.

2. **Appliance Settings**: The recipe instructs to preheat the oven to 350 degrees Fahrenheit. This specific temperature setting is essential for baking the cake properly, and it is a detail that someone might specifically search for when looking to replicate this recipe accurately.

These details highlight the importance of precision in both ingredient preparation and cooking temperature, which are crucial for achieving the desired"
"Can you explain the right way to heat the cream, butter, and rum for truffles without boiling them? I want to make sure I get that simmering point just right before adding the chocolate. Also, how long should I let them sit at room temperature after freezing to make sure they're perfect for serving?",a symphony of french chocolate truffles,"1. **Cooking Techniques/Methods**: The recipe specifies to ""bring these to simmering point,"" which indicates a precise cooking technique that requires the cook to understand the difference between simmering and boiling, ensuring the cream, butter, and rum or brandy are heated correctly before combining with the chocolate.

2. **Timing Specifics**: The recipe mentions that the truffles ""only take about 1 hour to defrost at room temperature,"" providing a specific timeframe for how long to allow the truffles to come to the right consistency after being frozen. This detail is crucial for planning when to serve the truffles after preparation."
